{
  "samples_total": 1001,
  "samples_ransomware": 501,
  "samples_benign": 500,
  "train_samples": 800,
  "test_samples": 201,
  "accuracy": 1.0,
  "precision": 1.0,
  "recall_tpr": 1.0,
  "f1_score": 1.0,
  "cv_recall_mean": 1.0,
  "cv_recall_std": 0.0,
  "confusion_matrix": [
    [
      100,
      0
    ],
    [
      0,
      101
    ]
  ],
  "top_features": [
    [
      "file_rename",
      0.4938107861560373
    ],
    [
      "file_write",
      0.395839830084278
    ],
    [
      "file_delete",
      0.11034938375968127
    ],
    [
      "file_read",
      2.008622462619262e-15
    ],
    [
      "dir_query",
      9.465558295669543e-16
    ]
  ]
}